"","code","mad_prec","mad_temp","max_prec","max_temp","max3m_prec","max3m_temp","med_temp","min_prec","min_temp","min3m_prec","min3m_temp","tot_prec","areakm2","long","lat","elev","rain_south","rain_west","temp_south","temp_west","patch_num","mad_elev","ecoregion_name","biome","bird_num","mammal_num","reptile_num","amphibian_num","total_num"
"1","NT0101",24.83355,4.59606,184.6,21.6,504.4,21.25,17.55,104.8,13.1,352.2,13.6,1699.4,215673,-51.389,-26.527,603.39,169.48,126.72,22.83,14.82,5,198.6684,"Araucaria moist forests","Tropical Moist Forest",440,141,134,177,892
"2","NT0102",24.01812,4.74432,150.5,23.6,406.7,23.3,19.3,70.6,14.9,241.8,15.36666667,1215.5,7850,-43.734,-21.203,82.5,117.42,111.52,25.1,19.5,12,5.9304,"Atlantic Coast restingas","Tropical Moist Forest",257,196,46,195,694
"3","NT0103",42.69888,2.07564,172.4,25.9,485.5,25.7,24.15,51.6,21.6,178.5,21.96666667,1238.9,109305,-40.086,-16.613,285.53,126.74,68.85,25.65,21.75,3,176.4294,"Bahia coastal forests","Tropical Moist Forest",466,166,89,106,827
"4","NT0104",89.25252,2.2239,210.2,24.2,603.7,23.96666667,22.5,16.7,18.9,58,19.46666667,1175.1,229241,-42.018,-17.73,580.64,168.07,30.41,24.66,20.24,6,404.7498,"Bahia interior forests","Tropical Moist Forest",540,182,34,160,916
"5","NT0105",92.36598,1.26021,238.1,23.3,674,23.26666667,22.3,37.2,18.9,137.9,19.26666667,1516.3,90229,-66.877,-15.85,1569.55,210.45,47.69,21.28,17.64,1,831.7386,"Bolivian Yungas","Tropical Moist Forest",539,245,38,55,877
"6","NT0106",55.44924,1.18608,268.85,26.55,703.65,26.51666667,25.275,4.2,24.3,15.4,24.46666667,1109.15,4776,-40.179,-4.357,301.79,110.61,24.84,26.66,25.48,5,264.6441,"Caatinga Enclaves moist forests","Tropical Moist Forest",0,124,52,20,196
"7","NT0107",109.7124,0.51891,346.3,26.6,999.4,26.4,26.05,111.9,24.6,386.3,24.9,2829.8,183358,-71.969,0.781,277.56,260.12,182.14,25,25.57,1,114.1602,"Caqueta moist forests","Tropical Moist Forest",469,193,133,75,870
"8","NT0108",82.95147,0.51891,289.6,27.8,702.3,27.66666667,27.15,56.7,26.2,198.9,26.36666667,1982.2,22753,-71.871,9.216,577.59,113.52,62.35,25.57,24.6,4,142.3296,"Catatumbo moist forests","Tropical Moist Forest",403,205,61,3,672
"9","NT0109",65.75331,0.22239,278.7,19.5,728.3,19.4,19.05,89.9,18.6,324.8,18.66666667,2247.7,31915,-75.962,4.992,1712.18,151.59,135.1,18.87,18.64,1,736.8522,"Cauca Valley montane forests","Tropical Moist Forest",493,201,96,60,850
"10","NT0111",140.03157,0.96369,374.4,26.7,1014.2,26.4,25.2,45.9,23.7,173.2,23.9,2428.4,89450,-86.13,14.521,506.46,305.29,113.83,24.86,22.52,8,200.8923,"Central American Atlantic moist forests","Tropical Moist Forest",430,172,143,38,783
"11","NT0112",128.39316,1.33434,289.2,22.8,781.9,22.46666667,21.45,19.3,19,67.6,19.46666667,1741.4,13251,-87.872,14.437,936.06,258.77,49.39,22.79,20.49,54,597.4878,"Central American montane forests","Tropical Moist Forest",303,191,111,73,678
"12","NT0113",103.596675,1.33434,325.1,22.65,814.75,22.4,21.35,44.35,18.3,159.5,18.63333333,1837.8,5759,-91.91,16.77,915.76,292.39,74.91,23.63,20.51,7,429.954,"Chiapas montane forests","Tropical Moist Forest",325,163,61,49,598
"13","NT0114",55.37511,1.85325,212.8,24.5,557.1,24.13333333,22.6,2.7,19.4,12.3,19.76666667,927.1,2077,-94.15,16.55,575.8,207.57,5.26,25.7,22.43,1,409.1976,"Chimalapas montane forests","Tropical Moist Forest",294,145,31,19,489
"14","NT0115",73.75935,0.37065,483.6,26.6,1270.5,26.56666667,26.15,199.6,25.7,687.6,25.8,3925.5,73305,-77.515,5.613,411.71,327.09,225.16,24.93,24.71,2,86.7321,"Choco-Darien moist forests","Tropical Moist Forest",600,215,200,138,1153
"15","NT0117",76.72455,0.59304,194.1,24.6,551.6,24.43333333,23.55,17.4,22.6,71.6,22.86666667,1271,14282,-66.071,10.179,499.04,171.73,43.42,24.37,23.65,11,434.4018,"Cordillera La Costa montane forests","Tropical Moist Forest",584,194,53,40,871
"16","NT0118",80.87583,0.44478,254.8,21,650.4,21,20.3,32.5,19.4,138.7,19.56666667,1681.5,67577,-73.48,5.782,1179.37,189.79,76.04,21.26,21.41,1,963.69,"Cordillera Oriental montane forests","Tropical Moist Forest",658,254,70,85,1067
"17","NT0119",210.195615,0.704235,396.65,27.15,1070.6,26.8,25.375,4.3,24.65,19.6,24.81666667,2094.05,10900,-85.146,10.854,324.25,292.87,74.29,25.53,25.01,6,394.3716,"Costa Rican seasonal moist forests","Tropical Moist Forest",373,186,99,40,698
"18","NT0120",83.655705,2.29803,215.75,27.05,550.15,26.88333333,24.875,35.25,21.95,115.85,22.25,1393.2,21339,-79.12,21.665,74.8,155.35,43.03,27.53,22.97,35,143.8122,"Cuban moist forests","Tropical Moist Forest",251,33,97,37,418
"19","NT0121",26.83506,0.37065,171.6,19.75,434.65,19.66666667,19.275,56.25,18.25,190.05,18.5,1094.55,102062,-78.414,-2.586,1542.66,136.32,105.03,19.48,18.81,1,1009.6506,"Eastern Cordillera real montane forests","Tropical Moist Forest",568,238,159,194,1159
"20","NT0122",71.38719,0.51891,398.2,25.55,1047.9,25.25,24.425,98.2,23.65,347.6,23.76666667,3018.9,3031,-78.075,8.25,285.2,301.78,103.99,25.48,25.1,9,189.7728,"Eastern Panamanian montane forests","Tropical Moist Forest",327,198,102,30,657
"21","NT0124",169.16466,0.44478,435.3,24,1222.5,23.83333333,23.45,73.8,22.7,259.8,22.86666667,2908.3,145963,-61.734,4.289,520.81,334.6,112.98,24.06,24.46,52,277.2462,"Guianan Highlands moist forests","Tropical Moist Forest",613,237,80,102,1032
"22","NT0125",98.37051,0.51891,372.9,27.1,970,26.86666667,25.95,60.7,25.3,229.5,25.46666667,2391.9,476136,-56.817,4.378,200.51,243.95,188.99,25.73,25.39,3,126.021,"Guianan moist forests","Tropical Moist Forest",685,215,204,135,1239
"23","NT0126",144.664695,0.51891,334.55,28,949.65,27.83333333,26.675,45.4,26.25,155.8,26.33333333,2044.95,9881,-53.987,-2.066,50.68,198.1,118.23,26.97,27.12,6,20.7564,"Gurupa varzea","Tropical Moist Forest",558,174,27,32,791
"24","NT0127",76.05738,1.77912,235,26.5,576.9,26.4,25.1,53.1,23,176.4,23.23333333,1600.4,45814,-71.44,18.833,311.48,113.55,64.08,26.04,22.88,7,226.0965,"Hispaniolan moist forests","Tropical Moist Forest",217,20,117,47,401
"25","NT0128",52.372845,0.44478,256.7,27.1,735.95,26.96666667,26.65,102.55,25.4,355.25,25.7,2256.25,114506,-74.151,-5.295,184.06,232.18,144.3,26.26,25.41,73,48.9258,"Iquitos varzea","Tropical Moist Forest",624,255,164,131,1174
"26","NT0129",121.05429,0.7413,413.7,27.4,1116.9,26.96666667,25.75,62.3,24.9,240,25.03333333,2837.3,58359,-82.24,9.934,368.57,331.6,157.45,24.97,24.05,4,104.5233,"Isthmian-Atlantic moist forests","Tropical Moist Forest",518,217,168,118,1021
"27","NT0130",145.36893,0.59304,423.6,26.5,1036.2,26.26666667,25.3,31.6,24.6,130.6,24.7,2467.4,29176,-81.962,8.558,458.31,265.47,68.8,24.64,23.9,2,243.1464,"Isthmian-Pacific moist forests","Tropical Moist Forest",407,190,143,99,839
"28","NT0131",88.956,1.33434,302.2,25.95,737.55,25.7,24.525,68.55,22.9,233.25,23.2,1945.55,8270,-77.25,18.25,327.67,155.65,137.56,25.51,22.83,1,295.0374,"Jamaican moist forests","Tropical Moist Forest",207,21,33,20,281
"29","NT0132",66.34635,0.37065,321.5,27,878.4,26.9,26.55,149.3,25.7,469.4,25.8,2555.8,268444,-65.619,-0.847,73.11,260.17,186.43,26.28,26.24,3,29.652,"Japura-Solimoes-Negro moist forests","Tropical Moist Forest",506,189,77,99,871
"30","NT0133",104.74569,0.37065,303.75,26.6,868.7,26.55,26.15,79.7,25.3,283.5,25.46666667,2453.75,241493,-66.861,-5.569,69.91,268.44,96.48,26.54,25.89,6,19.2738,"Jurua-Purus moist forests","Tropical Moist Forest",554,189,38,68,849
"31","NT0134",79.46736,1.33434,297.8,25.4,848.5,25.3,24.4,108.4,22.5,388.3,22.66666667,2574.1,986,-65.75,18.25,77,196.11,123.71,26.89,23.73,4,192.738,"Leeward Islands moist forests","Tropical Moist Forest",134,12,43,11,200
"32","NT0135",152.48541,0.59304,329.3,27.4,948.7,27.03333333,26.25,18.25,24.9,87.45,25.33333333,2197.05,716682,-60.267,-9.132,190.93,280.68,38.78,26.17,25.19,2,83.0256,"Madeira-Tapajos moist forests","Tropical Moist Forest",621,251,71,55,998
"33","NT0136",73.75935,0.29652,273.35,20.05,682.95,19.88333333,19.55,69.1,19.2,259.5,19.28333333,1982.4,104598,-74.516,5.554,1462.38,152.06,99.82,20.3,20.14,1,1079.3328,"Magdalena Valley montane forests","Tropical Moist Forest",500,230,80,107,917
"34","NT0137",95.55357,0.37065,334.5,28.4,865.4,28.23333333,27.6,32.55,27,131.25,27.16666667,2244.55,76440,-74.782,7.995,370.17,213.83,68,26.26,25.98,1,71.1648,"Magdalena-Uraba moist forests","Tropical Moist Forest",517,197,122,48,884
"35","NT0138",184.95435,0.66717,406.2,27.8,1149.1,27.63333333,26.8,44.6,26.2,161.6,26.36666667,2548,88305,-50.676,-0.314,19.35,252.73,203.62,26.74,26.88,19,0,"Marajo varzea","Tropical Moist Forest",540,184,86,53,863
"36","NT0139",98.778225,0.66717,332.2,28.2,870.25,28.1,26.8,12.65,26.2,47.7,26.36666667,1540.9,141635,-43.592,-4.346,138.4,195.3,33.31,26.97,26.48,2,68.1996,"Maranhao Babatu forests","Tropical Moist Forest",268,133,112,26,539
"37","NT0140",186.65934,0.51891,344.9,26.9,965.5,26.3,25.5,3.6,24.2,34.6,24.5,2053.2,412314,-52.366,-9.516,291.75,295.01,16.58,25.65,25.32,39,68.1996,"Mato Grosso seasonal forests","Tropical Moist Forest",476,174,38,52,740
"38","NT0141",128.91207,0.37065,316,27.4,908.9,27.33333333,26.7,60,26.2,217.6,26.36666667,2251.6,66506,-60.162,-4.447,50.82,258.22,86.28,26.75,26.51,24,17.7912,"Monte Alegre varzea","Tropical Moist Forest",681,221,38,61,1001
"39","NT0142",51.07557,0.59304,310.6,26.6,897.2,26.53333333,26.05,177.1,24.6,565.5,24.9,2878,250591,-75.801,-1.985,326.15,216.19,208.83,25.31,24.75,1,75.6126,"Napo moist forests","Tropical Moist Forest",650,243,205,168,1266
"40","NT0143",136.76985,0.59304,415.5,27.4,1138.1,27.23333333,26.75,115.7,25.6,376.7,25.8,2875.2,200932,-67.162,1.981,189.44,321.76,145.2,25.43,26.47,1,72.6474,"Negro-Branco moist forests","Tropical Moist Forest",486,213,127,70,896
"41","NT0144",111.306195,0.704235,340.1,27.9,911.55,27.73333333,27,5.15,26.3,16.9,26.45,1559,10011,-42.083,-3.042,51.42,172.28,45.68,27.26,26.87,3,20.0151,"Northeastern Brazil restingas","Tropical Moist Forest",276,119,13,15,423
"42","NT0145",65.75331,0.29652,323.7,19.9,850.7,19.76666667,19.3,73,19,266,19.03333333,2421,80806,-77.539,2.5,1284.31,199.97,163.17,20.71,20.48,1,1135.6716,"Northwestern Andean montane forests","Tropical Moist Forest",567,248,144,219,1178
"43","NT0146",68.9409,2.29803,323.2,20.5,761.5,20.13333333,18.45,40.8,14.8,128.9,15.3,1653,7577,-96.386,17.977,1169.95,285.09,38.27,21.56,18,5,498.8949,"Oaxacan montane forests","Tropical Moist Forest",323,185,92,51,651
"44","NT0147",71.68371,0.59304,247.85,27.3,688.6,27.23333333,26.8,58.3,25.5,196.3,25.73333333,1745.75,28028,-61.89,9.17,92.36,200.17,92.05,26.27,25.49,1,0,"Orinoco Delta swamp forests","Tropical Moist Forest",405,192,22,10,629
"45","NT0148",101.595165,2.00151,357.8,29.25,879.45,28.93333333,27.425,51.95,23.3,177.7,23.96666667,2009.1,17153,-92.159,18.068,37.73,222.72,105.94,28.54,24.01,1,8.8956,"Pantanos de Centla","Tropical Moist Forest",360,130,45,18,553
"46","NT0149",76.613355,0.66717,300.6,28,816.75,27.9,26.95,68.45,26.2,247.3,26.33333333,2141.85,7690,-55.75,5.6,72.7,226.47,184.94,26.89,26.16,1,8.8956,"Guianan Freshwater swamp forests","Tropical Moist Forest",565,177,70,33,845
"47","NT0150",49.07406,3.48411,195.5,25.6,541.45,25.23333333,21.95,48.3,17,192.2,17.6,1541.95,482879,-51.079,-23.145,470.4,198.31,70.06,24.57,18.2,13,182.3598,"Alto Parana Atlantic forests","Tropical Moist Forest",586,213,163,303,1265
"48","NT0151",93.18141,1.33434,236.55,25.5,690.85,25.4,24.475,33.55,22.3,125.65,22.55,1484.55,17502,-35.809,-8.397,291.94,55.83,165.61,26.04,23.07,3,115.6428,"Pernambuco coastal forests","Tropical Moist Forest",407,122,84,36,649
"49","NT0152",70.015785,1.55673,194.8,26.5,516.3,26.33333333,25.35,26.35,22.7,96.4,22.96666667,1144.4,22597,-36.185,-8.54,288.26,53.58,142.71,26.19,23.12,6,174.9468,"Pernambuco interior forests","Tropical Moist Forest",343,132,25,38,538
"50","NT0153",58.48857,0.59304,153.6,15.5,426.4,15.33333333,14.75,16.4,13.3,61.2,13.7,892.8,185961,-75.005,-10.44,2489.25,169.01,35.57,15.96,14.69,3,1492.9782,"Peruvian Yungas","Tropical Moist Forest",645,255,80,117,1097
"51","NT0154",116.272905,1.92738,369.25,27.5,975.65,27.2,25.9,49.4,22,168.6,22.46666667,2173.15,148595,-92.006,17.318,387.98,294.36,87.59,26.07,22.09,2,170.499,"Peten-Veracruz moist forests","Tropical Moist Forest",468,191,226,103,988
"52","NT0155",70.86828,1.55673,240.1,25.6,629.5,25.5,24.4,79.2,22.2,274.1,22.43333333,1890.1,7504,-66.35,18.25,167.6,190.18,103.74,26.14,23.15,1,185.325,"Puerto Rican moist forests","Tropical Moist Forest",181,15,36,17,249
"53","NT0156",90.21621,0.37065,306.95,26.6,876.9,26.53333333,26.2,105.95,25.2,373.3,25.4,2482.45,176760,-69.441,-2.862,118.49,252.35,164.16,26.14,25.69,48,26.6868,"Purus varzea","Tropical Moist Forest",623,219,164,128,1134
"54","NT0157",131.43249,0.51891,306.2,27.1,894.2,27.03333333,26.4,38.6,25.6,152.8,25.76666667,2271,173261,-63.468,-6.696,64.78,280.7,57.68,26.63,25.99,5,11.8608,"Purus-Madeira moist forests","Tropical Moist Forest",572,183,36,72,863
"55","NT0158",60.49008,0.44478,352.9,27,957.1,26.9,26.65,147.95,25.7,465.9,25.81666667,2684.75,95986,-64.931,0.772,106.01,268.47,172.83,26.14,26.41,27,34.0998,"Rio Negro campinarana","Tropical Moist Forest",358,216,25,65,664
"56","NT0159",135.546705,0.59304,324.7,19.7,770.3,19.63333333,19.175,25.65,17.95,104.6,18.16666667,1861.55,4766,-73.607,10.75,842.43,131.73,28.23,23.46,22.38,1,570.801,"Santa Marta montane forests","Tropical Moist Forest",459,170,38,20,687
"57","NT0160",65.60505,3.33585,232.1,23.1,637.6,22.8,19.55,61.7,15.4,207.6,15.9,1528.1,104610,-47.063,-24.604,561.33,209.59,75.36,22.94,16.41,9,517.4274,"Serra do Mar coastal forests","Tropical Moist Forest",628,175,123,247,1173
"58","NT0161",133.95291,2.52042,419.6,27,1058.6,26.5,24.3,28.2,20,104.6,20.56666667,2088.8,3890,-95.125,18.25,100.75,268.07,53.18,27.49,22.29,1,289.107,"Sierra de los Tuxtlas","Tropical Moist Forest",436,117,83,41,677
"59","NT0162",207.78639,0.96369,475.5,25.75,1209.45,25.36666667,24.3,6.95,23.05,31.2,23.26666667,2345.05,11218,-91.721,14.897,723.71,358.37,12.68,24.44,22.85,1,407.715,"Sierra Madre de Chiapas moist forest","Tropical Moist Forest",315,148,118,44,625
"60","NT0163",56.41293,0.29652,330.15,26.7,944.4,26.66666667,26.45,177.4,25.2,592.7,25.46666667,3039.35,166931,-70.875,-2.229,94.18,233.12,213.09,26.26,25.42,3,10.3782,"Solimoes-Japura moist forest","Tropical Moist Forest",542,191,224,136,1093
"61","NT0164",72.27675,4.484865,246.8,27.6,623.15,27.4,23.975,37.15,18.75,139.15,19.23333333,1407.5,2071,-80.75,25.417,0,205.1,45.59,28.2,20.74,5,1.4826,"South Florida rocklands","Tropical Moist Forest",176,36,51,15,278
"62","NT0165",52.11339,4.67019,153.9,23.3,423.8,23.03333333,19.85,4.9,13.5,19.9,14.23333333,732.3,75150,-64.807,-23.557,1503.65,133.84,8.05,21.79,12.88,8,709.4241,"Southern Andean Yungas","Tropical Moist Forest",463,161,72,49,745
"63","NT0166",114.08607,0.44478,288.8,26.3,835.2,26.2,25.9,63.8,24.3,220.25,24.66666667,2168.5,746653,-69.77,-10.023,358.87,270.04,73.82,25.67,24.02,5,84.5082,"Southwest Amazon moist forests","Tropical Moist Forest",782,303,228,173,1486
"64","NT0167",163.23426,0.59304,472.9,20.7,1220.9,20.56666667,20.2,75.9,18.9,262.7,19.03333333,3281.5,16274,-82.88,9.293,596.04,314.08,124.47,23.98,23.21,13,656.7918,"Talamancan montane forests","Tropical Moist Forest",450,204,132,124,910
"65","NT0168",149.07543,0.51891,335.1,26.5,944,26.43333333,25.8,27,25.2,121.3,25.36666667,2164.9,335099,-54.444,-5.968,201.82,277.84,61.64,25.84,25.79,1,148.26,"Tapajos-Xingu moist forests","Tropical Moist Forest",556,179,113,58,906
"66","NT0169",201.11469,0.44478,460.8,21,1317.9,20.83333333,20.2,60.3,19.7,214.6,19.86666667,2978.8,50675,-64.172,4.638,761.13,400.94,92.74,22.7,23.55,56,535.9599,"Pantepuis","Tropical Moist Forest",628,215,24,62,929
"67","NT0170",128.800875,0.37065,391.45,27.3,1110.75,27.23333333,26.65,37.2,26.2,130.6,26.33333333,2238.25,192766,-47.375,-3.077,79.7,277.38,91.33,26.65,26.63,2,54.8562,"Tocantins/Pindare moist forests","Tropical Moist Forest",517,164,152,35,868
"68","NT0171",102.410595,0.44478,271.3,26.8,774.35,26.65,26.375,54.55,24.95,192,25.16666667,2068.1,4722,-61.375,10.375,98.5,228.8,88.21,26.43,25.31,2,39.2889,"Trinidad and Tobago moist forests","Tropical Moist Forest",308,36,11,2,357
"69","NT0173",118.53387,0.51891,328.9,27.8,900.7,27.53333333,26.4,59.7,25.9,208.3,26,2140.6,470048,-56.78,-0.333,129.01,203.99,147.22,26.44,26.53,3,96.369,"Uatuma-Trombetas moist forests","Tropical Moist Forest",482,207,159,96,944
"70","NT0174",49.96362,0.44478,245.2,25.9,665.8,25.8,25.4,96.2,24.2,315.7,24.5,2168.6,114443,-76.047,-7.326,766.71,203.3,83.79,24.1,23.46,3,303.933,"Ucayali moist forests","Tropical Moist Forest",603,237,139,123,1102
"71","NT0175",51.1497,0.37065,164.6,21.7,441.3,21.6,21.15,24.6,20,91.9,20.43333333,1147.6,29269,-70.663,8.946,868.57,152.64,43.1,23.38,22.92,1,901.4208,"Venezuelan Andes montane forests","Tropical Moist Forest",473,225,33,60,791
"72","NT0176",59.304,4.00302,267.15,28.2,613.1,27.93333333,25,21.95,18.25,76.9,19.16666667,1258.1,68946,-98.293,21.946,502.89,163.38,32.89,26.46,18.44,2,155.673,"Veracruz moist forests","Tropical Moist Forest",341,149,145,60,695
"73","NT0177",78.13302,3.150525,391.35,23.1,972.85,22.76666667,20.475,43.55,15.25,142,15.93333333,1903.1,4942,-98.25,20.5,1248.88,227.97,44.58,21.76,16.07,1,317.2764,"Veracruz montane forests","Tropical Moist Forest",328,128,48,27,531
"74","NT0178",102.89244,0.7413,386.35,25.6,1073.3,25.5,24.7,37.05,24,134.5,24.06666667,2060,33954,-79.5,-0.712,411.35,195.27,122.88,24.46,23.8,1,133.434,"Western Ecuador moist forests","Tropical Moist Forest",490,151,144,87,872
"75","NT0179",110.23131,0.96369,308.6,26.2,861.3,26.13333333,25.65,97,23.9,311.3,24.16666667,2447.4,2014,-61.25,10.75,157,224.53,88.38,26.2,24.98,5,186.0663,"Windward Islands moist forests","Tropical Moist Forest",158,19,45,6,228
"76","NT0180",149.44608,0.44478,326.4,26.9,945.6,26.73333333,26.1,25.2,25.6,111.8,25.66666667,2063.2,265072,-50.728,-6.112,207.41,285.57,46.14,25.79,26.01,9,151.2252,"Xingu-Tocantins-Araguaia moist forests","Tropical Moist Forest",527,176,121,52,876
"77","NT0181",73.574025,2.07564,209.85,27.7,519.8,27.6,26.35,27.5,22.5,98.9,22.93333333,1252.3,69482,-88.789,19.221,55.04,165.14,53.06,27.67,23.32,4,57.8214,"Yucatan moist forests","Tropical Moist Forest",359,111,133,35,638
"78","NT0182",171.53682,0.51891,426.2,25.8,1198.8,25.63333333,25.15,61.7,24.3,219.3,24.46666667,2764.1,229836,-64.043,4.11,501.02,368.23,92.82,24.07,24.91,8,324.6894,"Guianan piedmont and lowland moist forests","Tropical Moist Forest",0,227,0,0,227
"79","NT0201",133.13748,0.66717,282.4,28,787.3,27.63333333,26.75,12,26,64.6,26.2,1639.5,68245,-71.617,6.317,684.5,289.2,53.95,23.48,24.39,6,96.369,"Apure-Villavicencio dry forests","Tropical Deciduous Forest",474,238,66,47,825
"80","NT0202",86.58384,0.7413,169.1,26,462.4,25.56666667,24.9,1.3,22.3,6.3,22.86666667,869.2,114660,-43.346,-12.183,524.02,137.9,12.86,25.6,23.72,9,120.0906,"Atlantic dry forests","Tropical Deciduous Forest",311,147,26,41,525
"81","NT0204",26.83506,2.89107,186.3,22.3,489.9,21.7,19.2,5,14.5,21,15.13333333,754.6,37384,-102.15,20.4,1842.1,164.17,9.96,20.43,15.16,1,163.086,"Bajio dry forests","Tropical Deciduous Forest",278,139,71,33,521
"82","NT0205",45.552885,1.70499,207.25,27.6,582.85,26.96666667,24.675,2.35,22.15,12.5,22.55,924.9,62247,-99.888,18.358,1411.98,186.79,9.22,22.37,19.39,6,507.0492,"Balsas dry forests","Tropical Deciduous Forest",264,162,143,43,612
"83","NT0206",34.76697,1.70499,122.95,17.4,337.7,17.2,16.05,1.95,12.05,9.9,12.5,562.85,72780,-65.818,-18.592,2762.75,118.26,11.51,16.86,11.83,7,808.017,"Bolivian montane dry forests","Tropical Deciduous Forest",222,175,29,25,451
"84","NT0207",58.34031,0.29652,213.05,24.3,539.25,24.2,23.875,81.4,23.35,293.8,23.46666667,1673.15,7313,-75.95,5.083,1562.2,141.88,123.57,19.94,19.71,1,163.086,"Cauca Valley dry forests","Tropical Deciduous Forest",311,176,35,7,529
"85","NT0209",144.47937,0.88956,315.65,27.9,800.15,27.58333333,26.25,3.8,25.2,19.2,25.33333333,1620.4,67773,-87.576,13.679,621.84,265.01,38.2,24.4,22.75,11,164.5686,"Central American dry forests","Tropical Deciduous Forest",330,195,99,36,660
"86","NT0210",52.002195,5.70801,119.55,27.6,330.85,27.16666667,23.05,7.6,16.2,31.7,16.93333333,706.45,786790,-62.842,-25.198,416.69,113.83,13.49,26.16,16.17,1,143.8122,"Dry Chaco","Tropical Deciduous Forest",572,193,131,57,953
"87","NT0211",97.62921,1.4826,273.2,25.7,757.2,25.3,24.05,4.3,21.3,18.8,21.73333333,1276.5,13974,-92.906,16.344,1003,270.36,29.39,23.3,20.38,1,149.0013,"Chiapas Depression dry forests","Tropical Deciduous Forest",188,160,106,33,487
"88","NT0212",79.24497,1.26021,199.1,27.5,554.5,27.13333333,26.15,17.1,21.9,79.5,22.9,1195.5,229767,-60.363,-15.894,286.98,206.26,29.57,26.77,22.79,3,87.4734,"Chiquitano dry forests","Tropical Deciduous Forest",457,209,82,55,803
"89","NT0213",92.328915,2.44629,211.15,27.6,538.6,27.46666667,25.5,26.35,22.3,98.45,22.66666667,1357.4,65745,-79.347,21.504,63.24,158.23,48.55,27.59,23.13,10,48.9258,"Cuban dry forests","Tropical Deciduous Forest",246,34,93,32,405
"90","NT0214",39.73368,1.03782,257.15,25.85,614.1,25.68333333,24.3,2.4,23.3,14.2,23.4,918.05,21187,-80.021,-1.625,304.21,156.9,40.34,25.22,24.04,4,114.9015,"Ecuadorian dry forests","Tropical Deciduous Forest",338,129,31,13,511
"91","NT0215",74.20413,1.70499,163.8,27.2,423.7,27.06666667,25.725,29.1,23.7,100.65,23.96666667,1083.2,15446,-72.107,18.875,382.75,112.83,56.29,25.68,22.54,7,158.6382,"Hispaniolan dry forests","Tropical Deciduous Forest",214,20,117,30,381
"92","NT0217",25.9455,2.14977,245.7,27.3,686.1,27.13333333,25.6,4,22.6,16.6,22.83333333,1026.6,26050,-104.426,20.118,657.12,217.31,13.93,25.62,20.99,2,435.8844,"Jalisco dry forests","Tropical Deciduous Forest",326,137,123,26,612
"93","NT0218",94.66401,1.33434,306.7,27.95,726.95,27.8,26.775,39.85,25.15,159.45,25.35,1761.75,2310,-77.35,18.25,294.5,163.11,125.84,25.78,23.14,6,109.7124,"Jamaican dry forests","Tropical Deciduous Forest",200,21,31,14,266
"94","NT0219",27.539295,0.81543,109,27.4,285.5,27.13333333,26.575,15.85,25,60.55,25.2,821.6,16870,-69.25,10.795,343,87.28,32.87,26.5,25.04,1,251.3007,"Lara-Falcon dry forests","Tropical Deciduous Forest",334,174,9,10,527
"95","NT0220",92.81076,0.81543,252.8,27,729.6,26.86666667,26.5,53.6,24.8,174.4,24.93333333,1784.7,907,-62.56,12.821,123,217.22,98.44,26.44,24.69,8,105.2646,"Lesser Antillean dry forests","Tropical Deciduous Forest",344,43,56,6,449
"96","NT0221",71.38719,0.44478,239.9,26.7,599.8,26.43333333,25.8,49.8,25.05,200.3,25.31666667,1636.7,19549,-75.1,3.775,1578,92.23,123.42,19.75,19.58,1,308.3808,"Magdalena Valley dry forests","Tropical Deciduous Forest",348,171,51,19,589
"97","NT0222",53.15121,0.66717,171.35,28.35,433.55,28.25,27.8,22.65,26.75,88.75,26.91666667,1114.7,30085,-71.509,9.922,488.21,92.31,44.31,26.28,25.02,1,111.195,"Maracaibo dry forests","Tropical Deciduous Forest",397,191,12,9,609
"98","NT0223",29.911455,0.44478,130.3,16.85,320.5,16.81666667,16.55,25.35,15.3,91.45,15.6,814.1,11322,-78.25,-6.472,2407.56,94.19,21.01,16.47,16.13,1,869.5449,"Maranon dry forests","Tropical Deciduous Forest",156,138,38,4,336
"99","NT0224",113.93781,0.7413,318,27.7,805,27.46666667,26.5,5.7,25.6,29.7,25.73333333,1786.8,5087,-80.167,8.542,255.42,222.77,73.31,25.73,25.03,4,53.3736,"Panamanian dry forests","Tropical Deciduous Forest",273,165,59,22,519
"100","NT0225",75.46434,0.29652,283.1,24.4,772.9,24.23333333,23.85,54.5,23.4,223.5,23.5,2083.1,2261,-77.25,1.75,1837.71,88.08,185.98,18.04,17.7,1,284.6592,"Patia Valley dry forests","Tropical Deciduous Forest",124,155,13,0,292
"101","NT0226",72.20262,1.63086,200.9,25.7,555.7,25.6,24.45,53.2,22.4,163.8,22.6,1386.6,1271,-66.393,18.25,137.86,195.32,100.86,26.33,23.35,2,63.0105,"Puerto Rican dry forests","Tropical Deciduous Forest",181,15,51,6,253
"102","NT0227",16.75338,5.9304,136.05,27.5,290.35,27.13333333,21.775,1.25,16.2,5.35,16.68333333,397.85,3975,-110.028,23.528,326.78,46.39,15.22,26.31,17.9,3,228.3204,"Sierra de la Laguna dry forests","Tropical Deciduous Forest",194,46,45,2,287
"103","NT0228",31.80177,5.04084,232.5,28.2,600.2,27.83333333,24.1,4.1,18,20,18.56666667,849.5,77362,-106.223,24.195,1120.93,173.63,26.57,24.67,16,2,495.1884,"Sinaloan dry forests","Tropical Deciduous Forest",325,149,131,39,644
"104","NT0229",76.72455,0.630105,228.9,28.8,582.8,28.61666667,27.975,19.55,27.1,84.8,27.3,1448.15,24879,-73.917,10.202,535.29,136.85,29.93,25.39,24.69,2,70.4235,"Sinu Valley dry forests","Tropical Deciduous Forest",396,179,132,43,750
"105","NT0230",55.00446,1.11195,278.15,27.9,670.6,27.5,26.25,0.8,24.45,6.2,24.65,1112.15,42282,-97.618,16.829,865.16,208.14,6.3,24.43,22,1,272.0571,"Southern Pacific dry forests","Tropical Deciduous Forest",299,159,218,68,744
"106","NT0232",1.445535,2.335095,93.15,26,146.45,25.85,23.225,0.6,21.15,1.9,21.25,176.5,41100,-80,-5.35,749.93,38.25,2.97,22.82,20.07,1,180.1359,"Tumbes-Piura dry forests","Tropical Deciduous Forest",295,100,60,11,466
"107","NT0233",52.40991,2.59455,278.05,28.4,753.25,27.96666667,26.4,13.65,21.75,51.45,22.26666667,1326.45,6616,-96.55,19.15,439.6,297.19,41.78,25.44,20.3,1,108.9711,"Veracruz dry forests","Tropical Deciduous Forest",295,124,70,26,515
"108","NT0235",67.08765,2.07564,197.9,28.5,504.7,28.26666667,26.7,23,22.7,80.9,23.1,1088.1,49623,-88.957,20.457,43.59,155.59,35.28,27.84,23.18,4,20.7564,"Yucatan dry forests","Tropical Deciduous Forest",295,87,97,19,498
"109","NT0301",59.60052,3.78063,196.8,28,489.2,27.73333333,24.7,31.3,21.1,113.6,21.46666667,1173.7,6870,-76.105,22.638,49.04,128.29,63.18,27.76,22.61,28,2.9652,"Bahamian pine mosaic","Tropical Coniferous Forest",218,8,44,2,272
"110","NT0302",133.767585,1.63086,308.9,27.5,849.25,27.33333333,26.325,58.25,23.15,191.35,23.35,2145.8,2822,-88.515,17.015,155.32,278.66,134.42,26.83,22.96,13,20.7564,"Belizean pine forests","Tropical Coniferous Forest",272,122,39,14,447
"111","NT0303",108.37806,1.26021,273.25,24.1,697.45,23.66666667,22.575,14.9,19.9,58.45,20.31666667,1481.15,110942,-89.267,15.046,806.7,283.91,53.58,23.76,21.42,17,475.9146,"Central American pine-oak forests","Tropical Coniferous Forest",349,203,194,107,853
"112","NT0304",78.42954,2.44629,224,27.5,561.7,27.33333333,25.5,42.7,21.9,151.8,22.33333333,1442.8,6405,-80.054,21.589,132.14,152.25,57.93,27.28,22.8,12,38.5476,"Cuban pine forests","Tropical Coniferous Forest",249,34,83,23,389
"113","NT0305",96.51726,1.55673,289.2,21.3,639.8,21.2,19.95,53.4,17.9,187,18.2,1749.8,11560,-71.75,18.825,479.4,119.7,56.51,25.03,21.86,5,518.91,"Hispaniolan pine forests","Tropical Coniferous Forest",214,20,78,29,341
"114","NT0306",153.89388,0.81543,413.95,27.7,1147.6,27.41666667,26.7,57.3,25.05,222.9,25.16666667,2921.65,18854,-84.068,14.659,85.55,369.92,164.12,27.15,25.41,7,28.1694,"Miskito pine forests","Tropical Coniferous Forest",240,128,0,0,368
"115","NT0307",24.75942,5.48562,154.2,23.4,394.9,23,18.9,8.9,13.6,28.5,14.1,593.7,1061,-110.083,23.5,281.67,42.68,15.13,26.28,18.13,1,215.7183,"Sierra de la Laguna pine-oak forests","Tropical Coniferous Forest",171,45,12,3,231
"116","NT0308",57.59901,1.92738,208.3,20,589.3,19.66666667,17.95,16,14.9,51.6,15.3,1099.2,14298,-96.008,17.202,1112.16,255.05,26.95,22.15,19,8,862.8732,"Sierra Madre de Oaxaca pine-oak forests","Tropical Coniferous Forest",447,176,95,48,766
"117","NT0309",61.82442,1.40847,232.75,22.8,640.5,22.31666667,20.925,3.1,18.8,16.3,19.13333333,1079.1,60973,-99.325,17.551,1012.82,189.24,6.1,24.44,21.82,20,666.4287,"Sierra Madre del Sur pine-oak forests","Tropical Coniferous Forest",330,151,168,69,718
"118","NT0310",40.99389,2.14977,207,19.7,570.6,19.08333333,17.1,6.6,13.15,27.35,13.7,939.8,98111,-101.51,20.248,1709.43,162.99,11.09,20.96,16.1,64,586.3683,"Trans-Mexican Volcanic Belt pine-oak forests","Tropical Coniferous Forest",335,197,171,79,782
"119","NT0402",11.78667,3.92889,146.7,9.7,415.1,9.366666667,5.9,108.7,1.05,334.65,1.55,1475.4,164642,-72.782,-51.912,326.17,53.75,65.11,8.87,2.4,166,271.3158,"Magellanic subpolar forests","Temperate Moist Forest",122,30,4,12,168
"120","NT0404",50.77905,5.11497,245.6,13.1,693.6,12.73333333,8.2,49.8,3.4,181.6,3.833333333,1594.7,248398,-73.12,-42.651,493.36,77.93,178.59,12.57,4.88,66,720.5436,"Valdivian temperate forests","Temperate Moist Forest",177,56,19,38,290
"121","NT0702",127.837185,0.81543,262.65,28,744.75,27.76666667,27,32.6,23.9,113.65,24.66666667,1692.8,125589,-66.019,-13.247,225.35,258.57,42.36,26.8,24.42,30,23.7216,"Beni savanna","Tropical Grasslands",509,212,24,29,774
"122","NT0703",116.23584,2.44629,288.3,21.9,791.7,21.53333333,19.7,16.6,15.5,62.9,16.16666667,1531.3,26313,-43.66,-18.722,876.37,205.08,20.26,23.18,18.47,28,204.5988,"Campos Rupestres montane savanna","Tropical Grasslands",334,180,48,116,678
"123","NT0704",129.468045,0.66717,270.75,26.2,742.75,25.86666667,24.85,6.3,21.8,29.5,22.4,1479.65,1910038,-50.114,-15.179,470.08,228.63,19.41,25.54,22.91,27,249.0768,"Cerrado","Tropical Grasslands",571,254,219,205,1249
"124","NT0707",93.25554,0.59304,364.9,27.7,970.5,27.46666667,26.55,51.3,25.6,189.8,25.7,2105.9,104510,-59.185,3.76,443.7,276.02,125.24,24.5,24.72,13,155.673,"Guianan savanna","Tropical Grasslands",444,225,68,94,831
"125","NT0708",39.029445,5.448555,154.3,27.4,426.75,26.93333333,22.25,35.65,16.8,129.7,17.23333333,1193.75,291590,-58.75,-26.127,93.36,133.78,46.72,26.74,17.17,2,17.7912,"Humid Chaco","Tropical Grasslands",431,143,109,60,743
"126","NT0709",139.58679,0.7413,340.6,28.7,937.5,28.36666667,27.2,10.4,26.1,53.7,26.33333333,1796.3,375787,-67.946,6.697,241.64,299.02,37.56,25.56,26.67,2,65.2344,"Llanos","Tropical Grasslands",414,223,89,40,766
"127","NT0710",13.49166,5.9304,134.3,24.4,377.7,23.76666667,18,87.7,12.5,291.4,12.93333333,1331.7,352496,-54.803,-31.25,144.2,129.42,116.72,23.78,13.38,3,85.9908,"Uruguayan savanna","Tropical Grasslands",350,101,90,118,659
"128","NT0801",33.3585,6.96822,95,24.3,260.6,23.6,16.9,18.4,9.2,59.6,9.9,653,298735,-62.8,-34.435,186.57,90.09,25.36,23.38,10.26,7,137.8818,"Espinal","Grasslands",311,81,81,29,502
"129","NT0802",6.37518,7.56126,30.7,22.8,77.1,22.06666667,14.75,8.5,6.9,28.3,7.666666667,209.7,353640,-67.126,-38.274,522.82,26.95,15.71,21.17,6.86,1,268.3506,"Low Monte","Grasslands",200,52,45,10,307
"130","NT0803",33.28437,6.89409,117.2,23.4,309.4,22.6,16,35.35,9.4,112.15,9.8,899.45,398555,-60.852,-35.242,98.58,99.9,39.5,22.33,9.65,2,63.7518,"Humid Pampas","Grasslands",266,73,63,36,438
"131","NT0805",5.63388,6.74583,26.7,15.1,69.35,14.6,8.65,9.2,1.7,30.5,2.366666667,190.9,576599,-68.462,-45.891,614.74,21.61,33.35,14.05,2.65,19,523.3578,"Patagonian steppe","Grasslands",222,60,67,14,363
"132","NT0902",94.8864,2.74281,212.1,27.4,562.95,27.25,25.1,20.45,21.4,91.25,21.88333333,1335.05,5647,-80.523,21.932,39.34,170.39,37.51,27.58,22.81,14,1.4826,"Cuban wetlands","Flooded Grasslands",250,33,69,16,368
"133","NT0903",55.52337,1.33434,160.3,28.6,367.8,28.53333333,27.45,19.2,25.2,72.1,25.5,976.6,628,-71.321,18.464,469.57,130.27,31.93,25.02,22,3,0,"Enriquillo wetlands","Flooded Grasslands",206,20,57,9,292
"134","NT0904",67.16178,4.74432,235.7,27.6,611.9,27.4,23.75,41.2,17.9,142.8,18.4,1401,20028,-80.864,26.182,0.14,202.91,51.14,28.1,19.75,3,1.4826,"Everglades","Flooded Grasslands",210,38,45,19,312
"135","NT0905",46.590705,1.03782,320.25,26.75,865.05,26.58333333,25.475,0.55,23.9,7.6,24.2,1236.95,2924,-79.55,-2.15,367.2,214.24,40.9,25.12,23.88,1,32.6172,"Guayaquil flooded grasslands","Flooded Grasslands",165,112,10,8,295
"136","NT0906",76.87281,0.66717,218.3,27.5,618.2,27.3,26.8,34.6,25.8,127.4,25.96666667,1455.3,5988,-62.188,9.563,39.06,200.38,78.38,26.64,25.8,7,0,"Orinoco wetlands","Flooded Grasslands",303,176,14,0,493
"137","NT0907",87.76992,1.70499,219.75,28.1,591.7,27.96666667,26.85,21.75,22.5,80.35,23.23333333,1257.5,170501,-57.518,-17.923,159.53,195.36,32.61,27.85,22.96,12,38.5476,"Pantanal","Flooded Grasslands",423,172,101,54,750
"138","NT0908",42.03171,6.486375,146.5,25.75,377.85,24.95,19.075,41.15,12.8,134.85,13.21666667,1062.1,37099,-59.337,-30.674,39.76,123.35,47.98,24.82,13.63,1,16.3086,"Parana flooded savanna","Flooded Grasslands",293,97,54,44,488
"139","NT0909",20.97879,5.55975,163.4,26.4,450.7,25.96666667,20.95,80.7,15.5,277.4,15.96666667,1505.6,26867,-56.667,-28.688,86.46,142.84,98.37,25.89,15.52,1,13.3434,"Southern Cone Mesopotamian savanna","Flooded Grasslands",282,95,43,25,445
"140","NT1001",5.70801,2.74281,45.75,9.4,114.1,9.3,7.5,0.7,2.7,4.05,3.166666667,174.3,254929,-67.804,-21.308,3868.42,49.72,1.75,10.19,3.61,2,404.7498,"Central Andean dry puna","Montane Grasslands",231,49,26,14,320
"141","NT1002",19.384995,2.557485,91.85,10.4,252.95,10.21666667,7.875,2,2.5,11.2,3.1,413.85,211478,-68.072,-20.821,3580.15,85.43,4,11.44,5.25,4,597.4878,"Central Andean puna","Montane Grasslands",526,94,29,26,675
"142","NT1003",63.23289,0.96369,151.05,7.55,411.9,7.466666667,6.975,3.5,4.1,19.6,4.533333333,774.15,116948,-72.623,-13.421,3628.53,127.97,9.96,10.62,8.19,6,401.0433,"Central Andean wet puna","Montane Grasslands",242,94,19,28,383
"143","NT1004",52.70643,0.29652,143.4,11.3,376.3,11.16666667,10.95,18.1,10.2,59.4,10.53333333,874.3,12120,-78.31,-6.952,2627.21,90.75,8.58,15.41,14.84,15,492.9645,"Cordillera Central paramo","Montane Grasslands",152,40,1,14,207
"144","NT1005",26.53854,0.29652,102.2,11,283.1,10.76666667,10.45,8.3,9.9,35.8,10.13333333,719.1,2798,-70.821,8.786,1435.43,135.07,34.76,20.45,19.69,2,449.2278,"Cordillera de Merida paramo","Montane Grasslands",77,51,0,3,131
"145","NT1006",29.80026,0.259455,117.15,10.7,323.45,10.56666667,10.3,31.8,9.7,120.5,9.883333333,935.2,29810,-76.281,2.298,2251.01,122.81,93.33,15.77,15.64,47,446.2626,"Northern Andean paramo","Montane Grasslands",157,77,50,90,374
"146","NT1007",115.6428,0.81543,276.55,11.2,674.4,11.06666667,10.45,34.6,9.05,121.8,9.316666667,1684,1239,-73.5,10.75,1838.5,138.95,36.06,17.65,16.07,1,602.6769,"Santa Marta paramo","Montane Grasslands",56,26,0,4,86
"147","NT1008",9.85929,5.48562,57.1,8.4,142.6,8.033333333,4.2,9.5,-1.3,39.6,-0.766666667,300.6,124779,-69.162,-30.301,3110.42,26.22,30.2,10.88,1.23,3,1017.0636,"Southern Andean steppe","Montane Grasslands",157,56,60,13,286
"148","NT1010",13.973505,7.079415,52.25,21.55,131.1,21.15,15.425,4.1,7.1,18.95,7.95,261.45,116569,-67.503,-28.75,2148.17,63.56,7.5,17.82,6.29,3,1014.0984,"High Monte","Montane Grasslands",203,86,49,11,349
"149","NT1201",6.857025,4.37367,58.3,18.15,138.3,17.75,13.35,0.6,8.6,3.9,9,200.95,148381,-70.964,-31.439,1317.27,7.64,73.24,14.83,6.69,1,627.1398,"Chilean matorral","Mediterranean Forest",131,42,27,6,206
"150","NT1301",55.30098,0.81543,159.4,26.9,453.9,26.66666667,26.25,26.8,24.7,97.4,24.96666667,1158.7,5260,-63.417,10.417,527.92,146.69,55.95,24.27,22.95,3,160.1208,"Araya and Paria xeric scrub","Deserts",339,163,3,1,506
"151","NT1303",0.22239,3.03933,8.7,17.2,13.8,16.9,14.3,0.5,10.8,1.5,11.13333333,22.8,104903,-69.509,-22.333,2046.48,11.47,0.27,15.03,8.82,1,752.4195,"Atacama desert","Deserts",97,22,1,0,120
"152","NT1304",46.33125,1.26021,147.35,27,378.15,26.83333333,25.6,3.3,23.6,14.85,23.86666667,705.15,731320,-40.219,-9.139,398.2,94.11,32.61,26.4,24.13,4,225.3552,"Caatinga","Deserts",320,158,102,51,631
"153","NT1305",78.614865,1.371405,189.15,27.3,530.75,27.2,26.325,45.4,24.7,167.5,24.9,1366.4,3118,-65.364,15.136,102.54,176.23,99.15,26.84,24.38,16,47.4432,"Caribbean shrublands","Deserts",203,18,91,14,326
"154","NT1306",58.11792,2.14977,200.9,27.1,433.9,26.96666667,25.25,35.6,22.6,112.8,22.96666667,1106.2,3256,-79.135,21.481,102.27,154.6,39.16,27.35,22.88,11,32.6172,"Cuban cactus scrub","Deserts",244,32,94,24,394
"155","NT1307",26.16789,2.37216,128.5,25.2,382,25.03333333,22.95,46.3,20.9,163.9,21.16666667,992.6,7978,-91.25,-0.456,291.12,66.43,51.56,24.36,22.15,3,151.2252,"Galapagos Islands scrubland mosaic","Deserts",92,5,27,1,125
"156","NT1308",64.71549,0.96369,199.25,29.2,498.25,29.06666667,27.9,8.7,26.9,35.45,27.03333333,991.35,31477,-73.481,10.673,263.81,102.56,24.77,27.16,25.96,4,68.9409,"Guajira-Barranquilla xeric scrub","Deserts",387,194,51,8,640
"157","NT1309",97.1103,0.51891,201.4,27.6,575.85,27.26666667,26.2,6.05,25.35,29.25,25.61666667,1163.05,68181,-66.179,9.774,361,171.77,28.22,25.1,24.87,1,147.5187,"La Costa xeric shrublands","Deserts",395,191,10,13,609
"158","NT1312",100.038435,1.593795,257.85,26.6,695.75,26.31666667,25.05,25,22.45,83.6,22.78333333,1452.5,2328,-89.75,15,1001,386.9,90.53,22.95,20.27,1,321.7242,"Motagua Valley thornscrub","Deserts",115,138,88,23,364
"159","NT1313",34.32219,1.03782,116.1,28.3,289.5,28.2,27.55,11.3,26.1,48.7,26.23333333,569.7,15909,-70.214,10.536,488.21,79.64,25.83,26.48,24.96,1,385.476,"Paraguana xeric scrub","Deserts",316,178,8,2,504
"160","NT1314",15.5673,5.077905,100.75,27.85,213.9,27.5,22.15,0.8,17.3,4.4,17.81666667,307.1,3867,-110.083,23.817,289.8,41.83,13.79,26.41,17.81,5,123.7971,"San Lucan xeric scrub","Deserts",190,50,48,2,290
"161","NT1315",0.37065,1.85325,31.1,17.7,68.4,17.53333333,15.85,0.4,13.9,1.5,14.13333333,83.3,184213,-75.138,-12.876,2393.09,49.46,0.74,14.26,11.03,2,1731.6768,"Sechura desert","Deserts",168,85,60,7,320
"162","NT1316",54.226095,1.85325,127,18.6,312.55,18.33333333,17.05,5.8,13.25,21.35,13.7,649.75,9862,-97.712,18.788,1943.69,133.51,11.37,19,15.32,2,366.2022,"Tehuacan Valley matorral","Deserts",169,140,67,28,404
"163","NT1401",93.366735,0.59304,330.25,27.7,882.85,27.55,26.9,27.85,26.05,110.05,26.2,2021.5,40894,-57.81,5.36,89.92,191.83,111.19,26.69,26.07,72,0,"Amazon-Orinoco-Southern Caribbean mangroves","Mangroves",113,271,53,14,451
"164","NT1402",70.72002,2.74281,199.3,28,515.7,27.8,25.35,29.4,22.1,112,22.5,1234.4,17859,-76.018,20.919,93.55,154.27,64.22,27.26,22.98,91,1.4826,"Bahamoan-Antillean mangroves","Mangroves",164,45,328,59,596
"165","NT1403",75.31608,1.85325,252.7,28,616.7,27.83333333,26.55,34.5,23.3,125.4,23.6,1437.4,26658,-88.42,16.925,102.64,251.04,113.27,27.15,23.36,52,2.9652,"Mesoamerican Gulf-Caribbean mangroves","Mangroves",106,185,164,52,507
"166","NT1404",22.869105,4.781385,174.15,29.1,425.7,28.86666667,24.625,0.7,20.4,5.45,20.81666667,557.45,8174,-105.685,22.185,202.8,139.41,11.92,27.72,21.08,32,3.7065,"Northern Mesoamerican Pacific mangroves","Mangroves",85,147,0,0,232
"167","NT1405",74.13,0.51891,317.9,26.7,916.3,26.6,25.65,84.9,25.3,323.4,25.36666667,2417.5,13461,-79.27,1.735,153.75,211.82,105.73,26.05,25.14,35,7.413,"South American Pacific mangroves","Mangroves",87,211,88,35,421
"168","NT1406",71.83197,1.85325,265.8,26.6,724.8,26.5,24.75,50.7,22.9,178.1,23.13333333,1826.7,10025,-41.581,-17.274,184.27,140.86,113.92,25.5,21.09,30,7.413,"Southern Atlantic mangroves","Mangroves",75,187,24,61,347
"169","NT1407",162.71535,0.81543,399.2,28.85,964.35,28.5,27.225,1.65,26.25,13.4,26.4,1852.55,7827,-86.515,11.375,206.43,268.12,20.89,26.49,25.84,31,4.4478,"Southern Mesoamerican Pacific mangroves","Mangroves",92,202,128,55,477
